{"BT-SVM": 89.75609756097562, "OAA-SVM": 90.2439024390244, "OAO-SVM": 90.2439024390244, "DDAG-SVM": 90.2439024390244, "ECOC-SVM": 89.75609756097562, "MLP": 91.21951219512195, "NB": 82.92682926829268, "ESB": 88.78048780487805}